{"cameraMode":{"drawMode":0,"name":"Shaded","section":"Shading Mode"},"sceneLighting":true,"audioPlay":false,"sceneViewState":{"showFog":true,"showMaterialUpdate":false,"showSkybox":true,"showFlares":true,"showImageEffects":true,"showParticleSystems":true},"in2DMode":false,"pivot":{"x":-11.31162166595459,"y":2.9570045471191408,"z":2.2667646408081056},"rotation":{"x":0.14921855926513673,"y":0.27517879009246828,"z":-0.043276600539684299,"w":0.9487559199333191},"size":17.38100242614746,"orthographic":false}